{
    "regions": [
        {
            "region": [
                693, 
                68, 
                873, 
                93
            ], 
            "cls": 2, 
            "result": [
                "01477235"
            ], 
            "confidence": 0.951675056639639, 
            "ref_result": [
                "0147723", 
                "01777235", 
                "014779235", 
                "014777235"
            ]
        }, 
        {
            "region": [
                871, 
                433, 
                946, 
                447
            ], 
            "cls": 8, 
            "result": [
                "10.19"
            ], 
            "confidence": 0.9067080625179746, 
            "ref_result": [
                "10.18", 
                "10.1.9", 
                "10.179", 
                "1.0.19"
            ]
        }, 
        {
            "region": [
                857, 
                109, 
                949, 
                122
            ], 
            "cls": 7, 
            "result": [
                "01477235"
            ], 
            "confidence": 0.9950521847137095, 
            "ref_result": [
                "01477236", 
                "01478235", 
                "014772350", 
                " 01477235"
            ]
        }, 
        {
            "region": [
                802, 
                133, 
                932, 
                145
            ], 
            "cls": 3, 
            "result": [
                "2017年05月12日"
            ], 
            "confidence": 0.9788980209582728, 
            "ref_result": [
                "2017年05日12日", 
                "2017年05月102日", 
                "201年05月12日", 
                "2017年05月12日日"
            ]
        }, 
        {
            "region": [
                181, 
                71, 
                346, 
                94
            ], 
            "cls": 1, 
            "result": [
                "1200162130"
            ], 
            "confidence": 0.9931394889686875, 
            "ref_result": [
                "120162130", 
                "1200161130", 
                "1100162130", 
                " 1200162130"
            ]
        }, 
        {
            "region": [
                872, 
                92, 
                944, 
                103
            ], 
            "cls": 6, 
            "result": [
                "120016213"
            ], 
            "confidence": 0.8946782498704108, 
            "ref_result": [
                "12001621 3", 
                "12016213", 
                "120014213", 
                "1200162131"
            ]
        }, 
        {
            "region": [
                765, 
                465, 
                861, 
                479
            ], 
            "cls": 9, 
            "result": [
                "180.00.0"
            ], 
            "confidence": 0.9765079012580555, 
            "ref_result": [
                "180.000", 
                "180.00.01", 
                "180.00.0.", 
                "180.00.8"
            ]
        }
    ], 
    "ip": "127.0.0.1", 
    "version": "4.9_20180418", 
    "serverType" : "Domestic",
    "orientation": 0
}